National personal identifier endonym kebab case	National personal identifier exonym kebab case	Country name endonym	Country name exonym English	Country ISO 3166-1 code	Personal identifier name endonym	Personal identifier exonym English	Wikipedia link	Description	Where to find it
alba-community-health-index	scotland-community-health-index	Alba	Scotland	GB-SCT	Community Health Index (CHI) Number	Community Health Index (CHI) Number	[National Health Service Central Register](https://en.wikipedia.org/wiki/National_Health_Service_Central_Register)	Ten-digit number identifying every patient registered with NHS Scotland; encodes the date of birth (DDMMYY), two random digits, a sex digit (odd male, even female), and a Modulus-11 check digit.	Printed on the NHS Scotland medical card, prescriptions, GP correspondence, hospital appointment letters, and the NHS Inform patient portal.
albania-numri-personal-i-identifikimit	albania-personal-identification-number	Shqipëria	Albania	AL	Numri Personal i Identifikimit (NID)	Personal Identification Number	[National identification number — Albania](https://en.wikipedia.org/wiki/National_identification_number#Albania)	Ten characters in the form YCCMMDDXYZK: Y is the last digit of the decade of birth; CC is a letter denoting the half-decade (A 1900–1904, B 1905–1909, etc.); MM is the month of birth (with +50 added for women); DD is the day; XYZ is a three-digit serial; and K is a check character (A–W) computed modulo 23.	Albanian biometric ID card (Letërnjoftim) and biometric passport issued by the General Directorate of Civil Status.
algeria-numero-d-identification-national	algeria-national-identification-number	الجزائر / Algérie	Algeria	DZ	رقم التعريف الوطني / Numéro d'Identification National (NIN)	National Identification Number (NIN)	[Identity document — Algeria](https://en.wikipedia.org/wiki/Identity_document#Algeria)	Eighteen-digit Numéro d'Identification National (NIN) issued by the Ministry of the Interior and printed on the biometric national identity card; encodes a sex marker, year of birth, the wilaya (province) and commune of the holder's civil-status registry, and a serial.	Algerian biometric National Identity Card (CNIBE) and biometric passport.
aotearoa-inland-revenue-department-number	new-zealand-inland-revenue-department-number	Aotearoa	New Zealand	NZ	Inland Revenue Department (IRD) Number / Tau IRD	Inland Revenue Department (IRD) Number	[IRD number](https://en.wikipedia.org/wiki/IRD_number)	Eight- or nine-digit unique tax identifier issued by Inland Revenue (Te Tari Taake); validated with a check digit computed using a weighted modular eleven algorithm. The companion National Health Index (NHI) number uses three letters and four digits.	IRD letters, payslips, KiwiSaver statements, the myIR online portal, and tax returns.
argentina-documento-nacional-de-identidad	argentina-national-identity-document	Argentina	Argentina	AR	Documento Nacional de Identidad (DNI)	National Identity Document (DNI)	[Documento Nacional de Identidad (Argentina)](https://en.wikipedia.org/wiki/Documento_Nacional_de_Identidad_(Argentina))	Seven- or eight-digit number issued by the Registro Nacional de las Personas (RENAPER) to every person born in or naturalised in Argentina; serves as the unique civil identifier and is independent of the Clave Única de Identificación Tributaria (CUIT) and Clave Única de Identificación Laboral (CUIL) which prefix the DNI with sex/role digits and add a check digit.	Tarjeta DNI plastic card, passport, driving licence, voter rolls, and the Mi Argentina digital identity app.
armenia-hanrayin-tsarayutyunneri-hamaranishe	armenia-public-services-number	Հայաստան	Armenia	AM	Հանրային ծառայությունների համարանիշ (HSN)	Public Services Number (PSN/HSN)	[National identification number — Armenia](https://en.wikipedia.org/wiki/National_identification_number#Armenia)	Ten-digit unique identifier assigned by the Public Services Number Service to every Armenian citizen and resident; introduced in 2012 to replace separate tax, social-insurance, and civil identifiers.	Armenian biometric identity card (անձնագիր) and biometric passport.
australia-individual-healthcare-identifier	australia-individual-healthcare-identifier	Australia	Australia	AU	Individual Healthcare Identifier (IHI)	Individual Healthcare Identifier (IHI)	[My Health Record](https://en.wikipedia.org/wiki/My_Health_Record)	Unique 16-digit number assigned by the Healthcare Identifiers Service to each person receiving healthcare in Australia, used to link records in My Health Record and other national digital health services.	Medicare online account, the My Health Record portal, hospital admission paperwork, and clinical correspondence.
australia-tax-file-number	australia-tax-file-number	Australia	Australia	AU	Tax File Number (TFN)	Tax File Number (TFN)	[Tax file number](https://en.wikipedia.org/wiki/Tax_file_number)	Eight- or nine-digit personal reference number issued by the Australian Taxation Office (ATO) for tax and superannuation purposes; validated using a weighted check-digit algorithm (weights 1,4,3,7,5,8,6,9,10 modulo 11).	Notice of Assessment, payment summaries / income statements, the myGov / ATO online portal, and superannuation correspondence.
azerbaycan-ferdi-identifikasiya-nomresi	azerbaijan-personal-identification-number	Azərbaycan	Azerbaijan	AZ	Fərdi İdentifikasiya Nömrəsi (FIN)	Personal Identification Number (FIN)	[National identification number — Azerbaijan](https://en.wikipedia.org/wiki/National_identification_number#Azerbaijan)	Seven alphanumeric characters issued by the State Migration Service of the Republic of Azerbaijan; appears on the identity card and is used as a permanent personal identifier in all government databases.	Azerbaijani national identity card (Şəxsiyyət vəsiqəsi) and the ASAN e-government portal.
bahrain-cpr-number	bahrain-personal-number	البحرين	Bahrain	BH	الرقم الشخصي (Raqm Shakhṣī) / CPR Number	Personal Number / CPR Number	[Identity document — Bahrain](https://en.wikipedia.org/wiki/Identity_document#Bahrain)	Nine-digit Central Population Register (CPR) number assigned to every Bahraini citizen and resident at birth or upon receipt of a residence permit; the first two digits represent the year of registration and the remaining digits are a serial.	Bahraini Smart Card (Identity Card / CPR card) issued by the Information and eGovernment Authority (iGA), and the eKey single sign-on for government services.
bangladesh-jatiyo-porichoy-potro	bangladesh-national-identity-card	বাংলাদেশ	Bangladesh	BD	জাতীয় পরিচয়পত্র (Jatiyo Porichoy Potro, NID)	National Identity Card (NID)	[National Identity Card (Bangladesh)](https://en.wikipedia.org/wiki/National_Identity_Card_(Bangladesh))	Originally 13 digits (or 17 digits including a four-digit year-of-birth prefix); the Smart NID introduced in 2016 standardises the number to 10 digits, randomly generated and issued by the Bangladesh Election Commission.	Smart NID card issued by the Bangladesh Election Commission, voter rolls, the Porichoy verification portal, and most government and banking services.
belarus-identifikatsionnyy-nomer	belarus-personal-identification-number	Беларусь	Belarus	BY	Ідэнтыфікацыйны нумар (ІН) / Идентификационный номер (ИН)	Personal Identification Number	[National identification number — Belarus](https://en.wikipedia.org/wiki/National_identification_number#Belarus)	Fourteen characters in the form GYYMMDDPRRRRC: G encodes sex and century of birth (1 male / 2 female 1800s; 3 male / 4 female 1900s; 5 male / 6 female 2000s; 7 male / 8 female 2100s); YYMMDD is the date of birth; P is a region letter (A Minsk City, B Minsk Region, C Brest, H Gomel, K Grodno, M Mogilev, P Vitebsk, E foreigner); RRRR is a serial; and C is a check digit.	Belarusian internal passport, biometric ID card, social-insurance card, and the единый портал электронных услуг (e-services portal).
belgique-numero-de-registre-national	belgium-numero-de-registre-national	Belgique / België / Belgien	Belgium	BE	Numéro de Registre National / Rijksregisternummer (NRN)	National Register Number (NRN)	[National identification number — Belgium](https://en.wikipedia.org/wiki/National_identification_number#Belgium)	Eleven digits where the first six are the date of birth (YYMMDD), the next three are a serial ordering number (odd for men, even for women), and the last two are a Modulus-97 check digit.	Belgian electronic identity card (eID), SIS social-security card, passport, residence permit, and tax/health correspondence.
bharat-aadhaar	india-aadhaar	भारत	India	IN	आधार (Aadhaar)	Aadhaar	[Aadhaar](https://en.wikipedia.org/wiki/Aadhaar)	Twelve-digit unique identification number issued by the Unique Identification Authority of India (UIDAI) and linked to biometric (fingerprints, iris, photograph) and demographic data; first digit is never 0 or 1, and the number is validated with the Verhoeff check-digit algorithm.	Aadhaar letter / PVC card, e-Aadhaar PDF download, the mAadhaar app, DigiLocker, and the myAadhaar self-service portal.
bolivia-cedula-de-identidad	bolivia-identity-card	Bolivia	Bolivia	BO	Cédula de Identidad (CI)	Identity Card	[Identity document — Bolivia](https://en.wikipedia.org/wiki/Identity_document#Bolivia)	Six- to eight-digit number issued by the Servicio General de Identificación Personal (SEGIP) to every Bolivian citizen and foreign resident; duplicates between departments are disambiguated with a one- or two-letter “complemento” suffix.	Cédula de Identidad plastic card issued by SEGIP; also reused as the Número de Identificación Tributaria (NIT) when registered as a taxpayer.
bosna-i-hercegovina-jedinstveni-maticni-broj-gradjana	bosnia-and-herzegovina-unique-master-citizen-number	Bosna i Hercegovina / Босна и Херцеговина	Bosnia and Herzegovina	BA	Jedinstveni matični broj građana (JMBG) / Јединствени матични број грађана	Unique Master Citizen Number (JMBG)	[Unique Master Citizen Number](https://en.wikipedia.org/wiki/Unique_Master_Citizen_Number)	Thirteen digits in the shared Yugoslav-successor format DDMMYYY-RR-GGGC: seven-digit date of birth (last three digits of the year), two-digit registry / region code (10–19 for Bosnia and Herzegovina — 10 foreigners, 11 Banja Luka, 12 Bihać, 13 Doboj, 14 Goražde, 15 Livno, 16 Mostar, 17 Prijedor, 18 Sarajevo, 19 Tuzla), three digits combining sex and serial (000–499 male, 500–999 female), and a weighted Modulus-11 check digit.	BiH personal identity card (lična karta / osobna iskaznica) and passport issued by the Agency for Identification Documents, Registers and Data Exchange (IDDEEA).
brasil-cadastro-de-pessoas-fisicas	brazil-individual-taxpayer-registry	Brasil	Brazil	BR	Cadastro de Pessoas Físicas (CPF)	Individual Taxpayer Registry (CPF)	[Cadastro de Pessoas Físicas](https://en.wikipedia.org/wiki/Cadastro_de_Pessoas_F%C3%ADsicas)	Eleven digits in the format XXX.XXX.XXX-YY: nine sequential digits in which the ninth encodes the issuing tax region (1: DF/GO/MS/MT/TO; 2: AC/AM/AP/PA/RO/RR; 3: CE/MA/PI; 4: AL/PB/PE/RN; 5: BA/SE; 6: MG; 7: ES/RJ; 8: SP; 9: PR/SC; 0: RS), followed by two check digits computed modulo 11.	CPF card issued by the Receita Federal, the Carteira de Identidade Nacional (CIN) which now consolidates the CPF, RG and other identifiers, payslips, invoices, and the gov.br portal.
bulgaria-edinen-grazhdanski-nomer	bulgaria-edinen-grazhdanski-nomer	България	Bulgaria	BG	Единен граждански номер (ЕГН) / Edinen grazhdanski nomer (EGN)	Uniform Civil Number (EGN)	[Unique citizenship number](https://en.wikipedia.org/wiki/Unique_citizenship_number)	Ten digits in the form YYMMDD-RRRGC: the first six encode the date of birth (with a month offset of +20 for 19th-century births and +40 for 21st-century births), three regional/serial digits, a gender digit (even for male, odd for female), and a weighted Modulus-10 check digit.	Bulgarian national identity card (Лична карта), passport, driving licence, and birth certificate.
canada-social-insurance-number	canada-social-insurance-number	Canada	Canada	CA	Social Insurance Number (SIN) / Numéro d'assurance sociale (NAS)	Social Insurance Number (SIN)	[Social Insurance Number](https://en.wikipedia.org/wiki/Social_Insurance_Number)	Nine-digit number in XXX-XXX-XXX format with a final Luhn check digit. The leading digit identifies the region of original issuance: 1 = Atlantic provinces (NS, NB, NL, PE); 2–3 = Quebec; 4–5 = Ontario; 6 = Prairie provinces and Northern Canada (MB, SK, AB, NT, NU); 7 = Pacific (BC, YT); 8 = unused; 9 = temporary residents; 0 = unused.	Plastic / paper SIN card or confirmation letter from Service Canada, T4 / T5 / T4A slips, tax returns, payroll records, and the Canada Revenue Agency (CRA) “My Account” portal.
cesko-cestovni-pas	czech-republic-passport-number	Česko	Czech Republic	CZ	Cestovní pas	Czech Passport Number	[Czech passport](https://en.wikipedia.org/wiki/Czech_passport)	Usually an eight-digit number (sometimes longer) printed on the data page of the biometric Czech passport issued by the Ministry of the Interior.	Czech passport (cestovní pas) issued by the Ministry of the Interior of the Czech Republic.
cesko-rodne-cislo	czech-republic-birth-number	Česko	Czech Republic	CZ	Rodné číslo (RČ)	Birth Number / National Identification Number	[National identification number — Czech Republic](https://en.wikipedia.org/wiki/National_identification_number#Czech_Republic)	Nine- or ten-digit number in the form YYXXDD/SSSC: YY is the last two digits of the year of birth; XX is the month of birth (01–12 for men, 51–62 for women, with +70 used when serial numbers run out); DD is the day; SSS is a serial number; and C is a check digit (omitted for people born before 1 January 1954). A ten-digit number must be divisible by 11.	Birth certificate, national ID card (občanský průkaz), driving licence, and health-insurance card.
chile-rol-unico-nacional	chile-unique-national-roll	Chile	Chile	CL	Rol Único Nacional (RUN) / Rol Único Tributario (RUT)	Unique National Roll (RUN) / Unique Tax Roll (RUT)	[Rol Único Tributario](https://en.wikipedia.org/wiki/Rol_%C3%9Anico_Tributario)	Seven- or eight-digit number followed by a hyphen and a verification character (a digit 0–9 or the letter K) computed modulo 11 using weights cycling 2 through 7. The RUN is the civil identifier carried by individuals; the RUT is the same number used for tax purposes by both natural and legal persons.	Cédula de Identidad (national ID card) issued by the Servicio de Registro Civil e Identificación, driving licence, passport, and tax filings with the Servicio de Impuestos Internos (SII).
colombia-numero-unico-de-identificacion-personal	colombia-unique-personal-identification-number	Colombia	Colombia	CO	Número Único de Identificación Personal (NUIP) / Cédula de Ciudadanía (CC)	Unique Personal Identification Number (NUIP) / Citizenship Card (CC)	[National identification number — Colombia](https://en.wikipedia.org/wiki/National_identification_number#Colombia)	Numeric identifier issued by the Registraduría Nacional del Estado Civil. Citizens born after 2000 receive a NUIP starting at 1,000,000,000; legacy Cédulas de Ciudadanía are 8–10 digits. Children carry a Tarjeta de Identidad (TI) bearing the same NUIP that becomes the adult Cédula at 18.	Cédula de Ciudadanía (CC) / Cédula Digital, Tarjeta de Identidad for minors, passport, and the Registraduría's online verification service.
costa-rica-cedula-de-identidad	costa-rica-identity-card	Costa Rica	Costa Rica	CR	Cédula de Identidad	Identity Card	[Costa Rican identity card](https://en.wikipedia.org/wiki/Costa_Rican_identity_card)	Nine digits in the form P-NNNN-NNNN: P encodes the province of birth (1 San José, 2 Alajuela, 3 Cartago, 4 Heredia, 5 Guanacaste, 6 Puntarenas, 7 Limón; 8 and 9 reserved for naturalised citizens and special cases), followed by an eight-digit serial. The Cédula number underlies the NITE tax identifier.	Cédula de Identidad issued by the Tribunal Supremo de Elecciones (TSE) / Registro Civil; voter rolls and most government services.
crna-gora-jedinstveni-maticni-broj-gradjana	montenegro-unique-master-citizen-number	Crna Gora / Црна Гора	Montenegro	ME	Jedinstveni matični broj građana (JMBG)	Unique Master Citizen Number (JMBG)	[Unique Master Citizen Number](https://en.wikipedia.org/wiki/Unique_Master_Citizen_Number)	Thirteen-digit JMBG using the Yugoslav-successor scheme with two-digit registry / region codes 20–29 for Montenegro (e.g. 21 Podgorica, 23 Nikšić, 24 Cetinje, 25 Pljevlja, 26 Bijelo Polje, 27 Bar, 28 Herceg Novi, 29 Berane).	Montenegrin biometric ID card (Lična karta) and passport issued by the Ministry of Internal Affairs.
cuba-carne-de-identidad	cuba-identity-card	Cuba	Cuba	CU	Número del Carné de Identidad (CI)	Identity Card Number	[Identity document — Cuba](https://en.wikipedia.org/wiki/Identity_document#Cuba)	Eleven digits in the form YYMMDDCSSSC: six-digit date of birth, a one-digit century / nationality marker (0–5 for the 20th century, 6 for foreigners, 9 for the 21st century), three serial digits whose penultimate digit encodes sex (odd male, even female), and a final check digit.	Carné de Identidad plastic card issued by the Dirección de Identificación, Inmigración y Extranjería (DIIE) of the Ministry of the Interior.
cymru-rhif-y-gwasanaeth-iechyd-gwladol	wales-national-health-service-number	Cymru	Wales	GB-CYM	Rhif y Gwasanaeth Iechyd Gwladol (Rhif GIG)	National Health Service (NHS) Number	[NHS number](https://en.wikipedia.org/wiki/NHS_number)	Ten-digit identifier in 3-3-4 format with a Modulus-11 check digit, shared with England and the Isle of Man and issued at birth or on first registration with a GP.	NHS Wales medical card, GP correspondence, prescriptions, hospital appointment letters, and the NHS Wales App.
cyprus-national-passport-number	cyprus-national-passport-number	Κύπρος / Kıbrıs	Cyprus	CY	Αριθμός Διαβατηρίου / Pasaport Numarası	Cyprus Passport Number	[Cypriot passport](https://en.wikipedia.org/wiki/Cypriot_passport)	Passports issued before 13 December 2010 use the letter 'E' followed by six digits (e.g. E123456); biometric passports issued after that date use the letter 'K' followed by eight digits (e.g. K12345678).	Cyprus passport issued by the Civil Registry Department of the Ministry of the Interior.
daehan-minguk-jumin-deungnok-beonho	south-korea-resident-registration-number	대한민국	South Korea	KR	주민등록번호 (Jumin Deungnok Beonho)	Resident Registration Number (RRN)	[Resident registration number](https://en.wikipedia.org/wiki/Resident_registration_number)	Thirteen digits in the format YYMMDD-SBBBBNC: YYMMDD is the date of birth; S encodes century and sex (1 male / 2 female born 1900–1999; 3 male / 4 female born 2000–2099; 5 male / 6 female for foreign nationals born 1900–1999; 7 male / 8 female for foreign nationals born 2000–2099; 9/0 used pre-1900); BBBB is a region-of-birth and serial code; N is a tiebreaker digit; and C is a weighted Modulus-11 check digit.	Korean Resident Registration Card (주민등록증), driving licence, passport, and government online services such as Government24 (정부24) and Hometax.
danmark-personnummer	denmark-personal-identification-number	Danmark	Denmark	DK	Personnummer (CPR-nummer)	Personal Identification Number (CPR)	[Personal identification number (Denmark)](https://en.wikipedia.org/wiki/Personal_identification_number_(Denmark))	Ten-digit code in the form DDMMYY-SSSC: the first six digits encode the date of birth, the next three are a serial number whose final digit encodes sex (odd for men, even for women), and the last is a Modulus-11 check digit (no longer mandatory for validation of new CPR numbers).	Danish health insurance card (sundhedskort), national ID, driving licence, passport, and most official correspondence.
deutschland-krankenversichertennummer	germany-health-insurance-number	Deutschland	Germany	DE	Krankenversichertennummer (KVNR)	Health Insurance Number (KVNR)	[Krankenversichertennummer](https://de.wikipedia.org/wiki/Krankenversichertennummer)	Lifelong federal health-insurance identifier: one random uppercase letter followed by eight random digits and a Luhn check digit, carried on the electronic health card (elektronische Gesundheitskarte, eGK).	German electronic health insurance card (eGK), insurer correspondence, and prescriptions.
ecuador-cedula-de-identidad	ecuador-identity-card	Ecuador	Ecuador	EC	Cédula de Identidad (CI) / Cédula de Ciudadanía	Identity Card / Citizenship Card	[National identification number — Ecuador](https://en.wikipedia.org/wiki/National_identification_number#Ecuador)	Ten digits: the first two encode the province of issuance (01–24, with 30 for naturalised citizens and 50 for the diplomatic register); the third digit is between 0 and 5 for individuals; the next six are a serial; and the tenth is a Modulus-10 check digit computed with the cycling Luhn-style weights 2,1.	Cédula de Identidad plastic card issued by the Dirección General de Registro Civil, Identificación y Cedulación, and the Cédula Digital wallet.
eesti-isikukood	estonia-personal-identification-code	Eesti	Estonia	EE	Isikukood (IK)	Personal Identification Code (IK)	[National identification number — Estonia](https://en.wikipedia.org/wiki/National_identification_number#Estonia)	Eleven digits in the form GYYMMDDSSSC: G encodes sex and century of birth (1–2 for the 19th century, 3–4 for the 20th, 5–6 for the 21st, with odd numbers male and even female); YYMMDD is the date of birth; SSS is a serial number; and C is a Modulus-11 check digit.	Estonian ID card (ID-kaart), passport, residence permit, driving licence, and digital signing services such as Smart-ID and Mobiil-ID.
eire-individual-health-identifier	ireland-individual-health-identifier	Éire	Ireland	IE	Individual Health Identifier (IHI)	Individual Health Identifier (IHI)	[Healthcare in Republic of Ireland](https://en.wikipedia.org/wiki/Healthcare_in_Republic_of_Ireland)	Ten-digit lifelong identifier created under the 2014 Health Identifiers Act and operated by the Health Service Executive (HSE) to uniquely identify every person using a health or social care service in Ireland.	HSE correspondence, hospital and GP appointment letters, the National Shared Care Record, and patient-facing portals.
el-salvador-documento-unico-de-identidad	el-salvador-unique-identity-document	El Salvador	El Salvador	SV	Documento Único de Identidad (DUI)	Unique Identity Document (DUI)	[Documento Único de Identidad](https://en.wikipedia.org/wiki/Documento_%C3%9Anico_de_Identidad)	Nine digits in the format NNNNNNNN-N: eight sequential digits and a final check digit computed modulo 10. The DUI replaced the legacy Cédula de Identidad Personal, electoral card, and other identifiers in 2001.	DUI plastic card issued by the Registro Nacional de las Personas Naturales (RNPN); voter rolls and most government services.
ellada-dematerialised-securities-system	greece-dematerialised-securities-system	Ελλάδα	Greece	GR	Σύστημα Άυλων Τίτλων (ΣΑΤ)	Dematerialised Securities System (DSS) Investor Share Code	[Central Securities Depository](https://en.wikipedia.org/wiki/Central_Securities_Depository)	Ten-digit investor identifier linked to personal details (name, identity-card number, passport number, tax registration number); the investor share is the account record held in the DSS operated by the Hellenic Central Securities Depository (ATHEXCSD).	Account statements and confirmations issued by the Hellenic Central Securities Depository (ATHEXCSD) and by the investor's appointed operator (broker or bank).
england-national-health-service-number	england-national-health-service-number	England	England	GB-ENG	National Health Service (NHS) Number	National Health Service (NHS) Number	[NHS number](https://en.wikipedia.org/wiki/NHS_number)	Ten-digit number in 3-3-4 format with a Modulus-11 check digit, allocated through the Personal Demographics Service and used as the key patient identifier across the English NHS.	NHS medical card, GP correspondence, prescriptions, hospital letters, the NHS App and NHS login, and online services such as patient.nhs.uk.
espana-codigo-de-identificacion-fiscal	spain-tax-identification-number	España	Spain	ES	Código de Identificación Fiscal (CIF) / Número de Identificación Fiscal (NIF)	Tax Identification Number	[VAT identification number — Spain](https://en.wikipedia.org/wiki/VAT_identification_number#Spain)	Nine characters: eight digits plus a control letter (the letters I, Ñ, O, and U are not used). Example: 99111222M. For Spanish citizens the NIF equals the DNI; foreign residents use the NIE (leading letter X, Y, or Z). Since 2008 the CIF form is reserved for legal entities, while NIF designates natural persons.	Spanish national identity card (DNI), the residence card (NIE) for foreign residents, the driving licence, and the social security card.
espana-tarjeta-sanitaria-individual	spain-individual-health-card	España	Spain	ES	Tarjeta Sanitaria Individual (TSI)	Individual Health Card (TSI)	[Tarjeta sanitaria individual](https://es.wikipedia.org/wiki/Tarjeta_sanitaria_individual)	Individual health card issued by the autonomous regional health administrations and INGESA, linked to the unique CIP-SNS code (Código de Identificación Personal del Sistema Nacional de Salud) and valid throughout Spain's National Health System.	Plastic Tarjeta Sanitaria Individual card issued by the regional health service, prescriptions, hospital identity bands, and the Mi Carpeta Ciudadana portal.
ethiopia-fayda	ethiopia-fayda-national-id	ኢትዮጵያ	Ethiopia	ET	ፋይዳ ብሔራዊ መታወቂያ (Fayda)	Fayda National ID	[Ethiopian identity card](https://en.wikipedia.org/wiki/Ethiopian_identity_card)	Twelve-digit Fayda Identity Number (FIN) assigned by the National ID Programme (NIDP) on the Modular Open-Source Identity Platform (MOSIP); linked to fingerprint and iris biometrics and rolled out from 2023 as a universal digital identifier replacing the older Kebele ID.	Fayda National ID card and the Fayda e-ID app issued by the National ID Programme of Ethiopia.
france-numero-d-identification-au-repertoire	france-social-security-number	France	France	FR	Numéro d'Identification au Répertoire (NIR)	French Social Security Number (NIR)	[Numéro de sécurité sociale en France](https://fr.wikipedia.org/wiki/Num%C3%A9ro_de_s%C3%A9curit%C3%A9_sociale_en_France)	Thirteen-digit “meaningful” code plus a two-digit check key, managed by INSEE in the Répertoire National d'Identification des Personnes Physiques (RNIPP). It encodes sex (1 male, 2 female), year and month of birth, INSEE département and commune of birth, and a serial number; commonly called the French social security number.	Carte Vitale health insurance card, payslips, tax forms, the Ameli health portal, France Connect, and pension correspondence.
ghana-card-personal-identification-number	ghana-card-personal-identification-number	Ghana	Ghana	GH	Ghana Card Personal Identification Number (PIN)	Ghana Card Personal Identification Number (PIN)	[Ghana Card](https://en.wikipedia.org/wiki/Ghana_Card)	Personal Identification Number printed on the Ghana Card in the format GHA-NNNNNNNNN-X: the ISO 3166-1 alpha-3 code GHA, nine random digits, and a check character. Issued by the National Identification Authority (NIA) under the 2008 National Identification Authority Act.	Ghana Card (national biometric ID card) issued by the National Identification Authority; required for SIM-card registration, banking (linked to the Tax Identification Number), passport applications, and the electoral roll.
guatemala-documento-personal-de-identificacion	guatemala-personal-identification-document	Guatemala	Guatemala	GT	Documento Personal de Identificación (DPI)	Personal Identification Document (DPI)	[Documento Personal de Identificación](https://es.wikipedia.org/wiki/Documento_Personal_de_Identificaci%C3%B3n)	Thirteen-digit Código Único de Identificación (CUI) in the form NNNN-NNNNN-NNNN: a four-digit serial within the local registry, a five-digit running serial including a check digit, and a four-digit municipality / department code.	DPI plastic card issued by the Registro Nacional de las Personas (RENAP); voter rolls.
honduras-documento-nacional-de-identificacion	honduras-national-identification-document	Honduras	Honduras	HN	Documento Nacional de Identificación (DNI)	National Identification Document (DNI)	[Identity document — Honduras](https://en.wikipedia.org/wiki/Identity_document#Honduras)	Thirteen digits in the format DDDD-YYYY-NNNNN: DDDD encodes the department and municipality of birth, YYYY is the year of birth, and NNNNN is a serial within that year and locality.	DNI plastic card issued by the Registro Nacional de las Personas (RNP); voter rolls and most government services.
hrvatska-osobni-identifikacijski-broj	croatia-osobni-identifikacijski-broj	Hrvatska	Croatia	HR	Osobni identifikacijski broj (OIB)	Personal Identification Number (OIB)	[Personal identification number (Croatia)](https://en.wikipedia.org/wiki/Personal_identification_number_(Croatia))	Eleven-digit code: ten randomly assigned digits with no information about the holder, followed by an ISO 7064 MOD 11,10 check digit. OIB is unique, unchangeable, and unrepeatable, and is the permanent identification code of every Croatian citizen and every legal person headquartered in Croatia.	Croatian national identity card (Osobna iskaznica), passport, driving licence, tax records (Porezna uprava lookup), and most personal documents.
indonesia-nomor-induk-kependudukan	indonesia-population-identification-number	Indonesia	Indonesia	ID	Nomor Induk Kependudukan (NIK)	Population Identification Number (NIK)	[Indonesian identity card](https://en.wikipedia.org/wiki/Indonesian_identity_card)	Sixteen digits in the form PPRRCCDDMMYYNNNN: PP is the province code, RR is the regency/city (kabupaten/kota) code, CC is the sub-district (kecamatan) code, DDMMYY is the date of birth (with +40 added to the day for women), and NNNN is a serial number issued by the local civil-registration office.	Kartu Tanda Penduduk elektronik (KTP-el) issued by the Directorate General of Population and Civil Registration (Dukcapil), Kartu Keluarga (family card), tax records, and the Identitas Kependudukan Digital (IKD) app.
iran-shomareh-melli	iran-national-number	ایران	Iran	IR	شماره ملی (Shomāreh Mellī) / کد ملی (Kod Mellī)	National Number / National Code	[Iranian National Identification Number](https://en.wikipedia.org/wiki/Iranian_National_Identification_Number)	Ten digits where the first three encode the city or shahrestan of registration, the next six are a serial number, and the final digit is a check digit computed by weighted multiplication (10,9,8,7,6,5,4,3,2) modulo 11 (a remainder of 0 or 1 maps directly, otherwise C = 11 − remainder).	Iranian National Identity Card (کارت ملی, Kart-e Mellī), the civil birth booklet (شناسنامه, Shenāsnāmeh), and the My Iran (دولت همراه) services portal.
iraq-bitaqat-al-muwatin	iraq-national-card	العراق	Iraq	IQ	البطاقة الوطنية الموحدة (Bitāqat al-Muwāṭin al-Muwaḥḥada)	Unified National Card	[Iraqi National Card](https://en.wikipedia.org/wiki/Iraqi_National_Card)	Twelve-digit Iraqi National Card number issued by the General Directorate of Nationality from 2015; consolidates the older Civil Status Identity Card (Bitāqat al-Aḥwāl al-Madaniyya) and Nationality Certificate (Shahādat al-Jinsiyya) into a single biometric card.	Unified National Card (البطاقة الوطنية الموحدة) issued by the General Directorate of Nationality of the Ministry of Interior.
island-kennitala	iceland-personal-identity-code	Ísland	Iceland	IS	Kennitala	Personal Identity Code	[Kennitala](https://en.wikipedia.org/wiki/Kennitala)	Ten-digit identifier in the form DDMMYY-RRCC: the first six digits are the date of birth, the next two are a random serial, then a Modulus-11 check digit, and a final digit denoting the century of birth (9 for 19th, 0 for 20th, 1 for 21st).	Icelandic National Registry (Þjóðskrá Íslands) record, national ID card, passport, driving licence, and all official forms and contracts.
italia-codice-fiscale	italy-fiscal-code	Italia	Italy	IT	Codice Fiscale (CF)	Italian Fiscal Code (CF)	[Italian fiscal code](https://en.wikipedia.org/wiki/Italian_fiscal_code)	Sixteen-character alphanumeric code issued by the Agenzia delle Entrate, derived from surname (3 letters), given name (3 letters), date of birth and sex (5 alphanumeric characters with day +40 for women), place of birth (4-character Belfiore code), and a final check letter. Example: RSSMRA62B25E205Y.	Codice Fiscale paper card or Tessera Sanitaria (national health-service card), which carries the fiscal code on a magnetic stripe.
jamaica-taxpayer-registration-number	jamaica-taxpayer-registration-number	Jamaica	Jamaica	JM	Taxpayer Registration Number (TRN)	Taxpayer Registration Number (TRN)	[Identity document — Jamaica](https://en.wikipedia.org/wiki/Identity_document#Jamaica)	Nine-digit unique number issued by Tax Administration Jamaica (TAJ) to every Jamaican citizen, resident, and registered organisation; serves as the de facto national identifier pending the rollout of the National Identification System (NIDS).	TRN card issued by Tax Administration Jamaica (TAJ); driving licence; bank-account opening; SIM-card registration.
jordan-raqam-watani	jordan-national-number	الأردن	Jordan	JO	الرقم الوطني (Raqam Waṭanī)	National Number	[National identification number — Jordan](https://en.wikipedia.org/wiki/National_identification_number#Jordan)	Ten-digit unique identifier issued by the Civil Status and Passport Department to every Jordanian citizen and to many residents; the first digit encodes citizenship class (typically 9 for Jordanian citizens) and the remaining digits include a date-derived component and a serial.	Jordanian Smart ID card and family booklet (دفتر العائلة) issued by the Civil Status and Passport Department; the Sanad e-government app.
kazakhstan-zheke-sajkestendiru-nomiri	kazakhstan-individual-identification-number	Қазақстан	Kazakhstan	KZ	Жеке сәйкестендіру нөмірі (ЖСН) / Индивидуальный идентификационный номер (ИИН)	Individual Identification Number (IIN)	[National identification number — Kazakhstan](https://en.wikipedia.org/wiki/National_identification_number#Kazakhstan)	Twelve digits in the form YYMMDDSGNNNNC: YYMMDD is the date of birth; S encodes century and sex (1 male / 2 female 1800s; 3 male / 4 female 1900s; 5 male / 6 female 2000s); G is a serial / generation indicator; NNNN is a serial; and C is a weighted Modulus-11 check digit.	Kazakh ID card (Жеке куәлік), passport, and the eGov.kz portal.
kenya-kitambulisho	kenya-national-identity-card	Kenya	Kenya	KE	Kitambulisho cha Taifa	National Identity Card Number	[Kenyan identity card](https://en.wikipedia.org/wiki/Kenyan_identity_card)	Eight-digit unique serial number issued by the National Registration Bureau to every Kenyan citizen from the age of 18. The companion Huduma Namba — a parallel ten-digit identifier introduced under 2019 amendments — was launched as a unified register but its rollout has been suspended since the 2021 High Court ruling.	Kenyan National ID Card (Kitambulisho) issued by the National Registration Bureau under the Ministry of Interior, the eCitizen portal, and the suspended Huduma Namba registration card.
kuwait-raqam-madani	kuwait-civil-id-number	الكويت	Kuwait	KW	الرقم المدني (Raqam Madanī)	Civil ID Number	[Identity document — Kuwait](https://en.wikipedia.org/wiki/Identity_document#Kuwait)	Twelve digits in the form CYYMMDDSSSSC: a leading century digit (2 = 1900–1999, 3 = 2000+), six-digit date of birth, four-digit serial, and a final check digit. Issued by the Public Authority for Civil Information (PACI).	Kuwait Civil ID (البطاقة المدنية), the Kuwait Mobile ID app, and the SAHEL e-government app.
latvija-personas-kods	latvia-personal-code	Latvija	Latvia	LV	Personas kods	Personal Code	[National identification number — Latvia](https://en.wikipedia.org/wiki/National_identification_number#Latvia)	Eleven digits in the form DDMMYY-CZZZZ: the first six are the date of birth, C is the century sign (0 for 19th century, 1 for 20th, 2 for 21st), ZZZZ is a serial number, and the last digit is a check digit.	Latvian eID card, passport, driving licence, and the official Latvija.lv portal.
letzebuerg-matricule-national	luxembourg-national-identification-number	Lëtzebuerg	Luxembourg	LU	Matricule National (numéro d'identification national) / Nationale Identifikationsnummer	National Identification Number	[National identification number — Luxembourg](https://en.wikipedia.org/wiki/National_identification_number#Luxembourg)	Thirteen digits in the form YYYYMMDDSSSCC: eight-digit date of birth, three-digit serial, and two check digits (the first computed with the Luhn algorithm, the second with the Verhoeff algorithm).	Luxembourg national identity card (Carte d'identité), social-security card (Carte de sécurité sociale), passport, and the MyGuichet.lu portal.
liechtenstein-national-identity-card-number	liechtenstein-national-identity-card-number	Liechtenstein	Liechtenstein	LI	Identitätskarten-Nummer	National Identity Card Number	[National identity card](https://en.wikipedia.org/wiki/National_identity_card)	Combination of 2 letters and 8 numbers, for example ID022143586. The number is regenerated on each renewal of the identity card.	Liechtenstein national identity card (Identitätskarte) issued by the Office of Civil Affairs (Amt für Zivilstandswesen).
liechtenstein-passport-number	liechtenstein-passport-number	Liechtenstein	Liechtenstein	LI	Reisepass-Nummer	National Passport Number	[Liechtenstein passport](https://en.wikipedia.org/wiki/Liechtenstein_passport)	Combination of 1 letter and 5 numbers, for example R00536.	Liechtenstein passport (Reisepass) issued by the Office of Civil Affairs.
lietuva-asmens-kodas	lithuania-personal-code	Lietuva	Lithuania	LT	Asmens kodas (AK)	Personal Code	[National identification number — Lithuania](https://en.wikipedia.org/wiki/National_identification_number#Lithuania)	Eleven digits in the form GYYMMDDNNNC: G encodes sex and century of birth (3/5 for men born in the 20th/21st century, 4/6 for women born in the 20th/21st century); YYMMDD is the date of birth; NNN is a serial number; and C is a Modulus-11 check digit.	Lithuanian ID card (Asmens tapatybės kortelė), passport, driving licence, residence permit, and most government correspondence.
lietuva-pasas	lithuania-passport-number	Lietuva	Lithuania	LT	Pasas	Lithuanian Passport Number	[Lithuanian passport](https://en.wikipedia.org/wiki/Lithuanian_passport)	Eight-digit passport-document number printed on the Lithuanian passport (the same document number form is also used on the national ID card).	Lithuanian passport (Pasas) and national ID card issued by the Migration Department.
lubnan-raqam-sijill	lebanon-civil-registry-number	لبنان	Lebanon	LB	رقم السجل (Raqam as-Sijill)	Civil Registry Number	[Identity document — Lebanon](https://en.wikipedia.org/wiki/Identity_document#Lebanon)	Composite identifier issued by the General Directorate of Personal Status (Mudīriyyat al-Aḥwāl ash-Shakhṣiyya) within the Ministry of Interior; quotes a place of registration (“matn as-sijill” — typically a village or town civil register) and a serial / page number within that local register.	Lebanese ikhrāj al-qaid (family extract / civil-status extract), Hawiyya identity card, and biometric passport.
magyarorszag-szemelyi-azonosito-jel	hungary-personal-identification-number	Magyarország	Hungary	HU	Személyi azonosító jel (személyi szám)	Personal Identification Number	[National identification number — Hungary](https://en.wikipedia.org/wiki/National_identification_number#Hungary)	Eleven digits in the form X-YYMMDD-ZZZC: X encodes century and sex (1 male / 2 female born 1900–1999; 3 male / 4 female born 1800–1899; 5 male / 6 female born 2000–2099); YYMMDD is the date of birth; ZZZ is a serial number; and C is a weighted Modulus-11 check digit. Because of constitutional privacy rules the personal identification number is stored separately from the eID and is generally not printed on the card.	Issued by the Belügyminisztérium; appears on the official hatósági bizonyítvány a személyazonosító jelről (personal-identification-number certificate), the historical address card (lakcímkártya), the social-security TAJ card, and government records.
malaysia-mykad	malaysia-national-identity-card	Malaysia	Malaysia	MY	Nombor Kad Pengenalan / MyKad	National Identity Card Number (MyKad)	[Malaysian identity card](https://en.wikipedia.org/wiki/Malaysian_identity_card)	Twelve digits in the format YYMMDD-PB-###G: YYMMDD is the date of birth; PB is the place-of-birth code (states 01–16 for those born in Malaysia, or country codes 60–85 for those born abroad); ### is a serial; and G is a sex digit (odd male, even female).	MyKad smart card issued by the National Registration Department (Jabatan Pendaftaran Negara, JPN), MyDigital ID app, driving licence, passport.
malta-national-identification-number	malta-national-identification-number	Malta	Malta	MT	Numru tal-Identità	National Identification Number	[National identification number — Malta](https://en.wikipedia.org/wiki/National_identification_number#Malta)	Eight characters: seven digits and a trailing letter (M, G, A, P, L, H, B, or Z). The letter encodes the geographic origin and registration context: A foreigner with eRes Card; B Maltese births registered in the 1800s; G Gozitan births registered in the 1900s; H Gozitan births registered in the 2000s; L Maltese births registered in the 2000s; M Maltese births registered in the 1900s; P Maltese citizens registered without an original birth certificate from their country of birth; Z Gozitan births registered in the 1800s.	Maltese national identity card (Karta tal-Identità) issued by Identity Malta.
malta-passport-number	malta-passport-number	Malta	Malta	MT	Numru tal-Passaport	National Passport Number	[Maltese passport](https://en.wikipedia.org/wiki/Maltese_passport)	Seven numerical digits, issued by Identity Malta (formerly the Civil Registration Directorate).	Maltese passport (Passaport) issued by Identity Malta.
maroc-carte-nationale-d-identite-electronique	morocco-national-electronic-identity-card	Le Maroc / المغرب	Morocco	MA	Carte Nationale d'Identité Électronique (CNIE) / البطاقة الوطنية للتعريف الإلكترونية	National Electronic Identity Card Number	[Moroccan national identity card](https://en.wikipedia.org/wiki/Moroccan_national_identity_card)	Identity-card number consisting of one or two prefix letters (encoding the province of issuance) followed by six or seven digits — for example G123456 or AB123456. Issued by the Direction Générale de la Sûreté Nationale (DGSN).	Moroccan electronic National Identity Card (CNIE) issued by the General Directorate of National Security; required for civil, electoral, banking, and administrative procedures.
mexico-clave-unica-de-registro-de-poblacion	mexico-unique-population-registry-code	México	Mexico	MX	Clave Única de Registro de Población (CURP)	Unique Population Registry Code (CURP)	[Unique Population Registry Code](https://en.wikipedia.org/wiki/Unique_Population_Registry_Code)	Eighteen characters: four letters drawn from the holder's first surname, second surname, and given name; six digits for date of birth (YYMMDD); one letter for sex (H male, M female); two letters for the federative entity of birth (or NE if born abroad); three consonants taken from inside the surnames and given name; one alphanumeric “homonym” character (a letter for births before 2000, a digit thereafter); and a final check digit computed modulo 10.	CURP printout from gob.mx, INE/IFE voter ID card, Mexican passport, the acta de nacimiento (birth certificate), and the RFC tax record which incorporates the CURP.
misr-raqam-qawmi	egypt-national-identification-number	مصر	Egypt	EG	الرقم القومي (Raqam Qawmī)	National Identification Number	[Egyptian National Identity Card](https://en.wikipedia.org/wiki/Egyptian_National_Identity_Card)	Fourteen digits in the form C-YYMMDD-GG-SSSS-S: C encodes the century (2 for the 20th century, 3 for the 21st); YYMMDD is the date of birth; GG is the governorate of birth (88 indicates born abroad); SSSS is a serial in which the penultimate digit encodes sex (odd male, even female); and the final digit is a check digit.	Egyptian National Identity Card (بطاقة الرقم القومي) issued by the Civil Status Sector of the Ministry of Interior; mandatory for adult citizens since 2008.
moldova-numarul-de-identificare-de-stat	moldova-state-identification-number	Moldova	Moldova	MD	Numărul de Identificare de Stat (IDNP)	State Identification Number (IDNP)	[National identification number — Moldova](https://en.wikipedia.org/wiki/National_identification_number#Moldova)	Thirteen digits assigned by the Public Services Agency (Agenția Servicii Publice) and recorded in the State Register of Population. The leading digit identifies the entity class (0 for natural persons, 1 for legal entities), followed by serial digits and a final check digit.	Moldovan ID card (buletin de identitate), passport, driving licence, and the MPass / MSign e-government services.
mongol-uls-irgenii-burgedlin-dugaar	mongolia-citizen-registration-number	Монгол Улс	Mongolia	MN	Иргэний бүртгэлийн дугаар (РД)	Citizen Registration Number (РД)	[National identification number — Mongolia](https://en.wikipedia.org/wiki/National_identification_number#Mongolia)	Ten characters in the form LL-YYMMDD-NNN-C: two Cyrillic letters encoding the aimag or city of registration (e.g. ОЛ for Ulaanbaatar); six digits for date of birth (YYMMDD); a three-digit serial whose parity encodes sex (odd male, even female); and a final check digit.	Mongolian Citizen Identity Card (Иргэний үнэмлэх) issued by the General Authority for State Registration.
myanmar-naingngantha-hmat-pon-tin	myanmar-national-registration-card	မြန်မာ	Myanmar	MM	နိုင်ငံသား မှတ်ပုံတင် (Naingngantha Hmat Pon Tin)	National Registration Card (NRC)	[Myanmar identity card](https://en.wikipedia.org/wiki/Myanmar_identity_card)	Composite identifier in the form RR/TTT(C)NNNNNN: RR is a two-digit regional code; TTT is a township abbreviation in Burmese script; (C) is a one-letter citizenship status indicator in parentheses (N full citizen, E associate citizen, T naturalised citizen, A foreign resident); and NNNNNN is a six-digit serial.	National Registration Card (NRC) — also called the Citizenship Scrutiny Card (CSC) — issued by the General Administration Department of the Ministry of Home Affairs.
nederland-burgerservice-nummer	netherlands-citizen-service-number	Nederland	Netherlands	NL	Burgerservicenummer (BSN)	Citizen Service Number	[Burgerservicenummer](https://en.wikipedia.org/wiki/Burgerservicenummer)	Nine-digit citizen service number issued through the Personal Records Database (Basisregistratie Personen, BRP); introduced in 2007, validated with a variant of the eleven-test (Luhn-style) algorithm, and required for all dealings with the Dutch government.	Dutch passport, identity card (Nederlandse identiteitskaart), driving licence, payslips, tax correspondence, and the DigiD-protected MijnOverheid portal.
nederland-identiteitskaart-nummer	netherlands-national-identity-card-number	Nederland	Netherlands	NL	Identiteitskaart-nummer	National Identity Card Number	[Dutch identity card](https://en.wikipedia.org/wiki/Dutch_identity_card)	Nine characters: positions 1 and 2 are uppercase letters [A-Z] except O; positions 3–8 are alphanumeric [A-Z][0-9] except the letter O; position 9 is a digit [0-9]. The character O is disallowed (to avoid confusion with 0), but the digit 0 is allowed.	Dutch national identity card (Nederlandse identiteitskaart), printed on the front of the card and in the machine-readable zone.
nederland-paspoort-nummer	netherlands-passport-number	Nederland	Netherlands	NL	Paspoortnummer	Passport Number	[Dutch passport](https://en.wikipedia.org/wiki/Dutch_passport)	Nine characters: positions 1 and 2 are uppercase letters [A-Z] except O; positions 3–8 are alphanumeric [A-Z][0-9] except O; position 9 is a digit [0-9].	Dutch passport (Nederlands paspoort), printed on the data page and in the machine-readable zone.
nepal-rastriya-parichaya-patra	nepal-national-identity-card	नेपाल	Nepal	NP	राष्ट्रिय परिचय-पत्र (Rāṣṭriya Parichaya-patra)	National Identity Card	[National Identity Card (Nepal)](https://en.wikipedia.org/wiki/National_Identity_Card_(Nepal))	Ten- or eleven-digit National Identity Number issued by the Department of National ID and Civil Registration under the 2019 National Identity Card Programme; linked to biometric data (fingerprints, iris, photograph). The smart card is gradually replacing the older Nāgariktā (citizenship certificate).	Smart National Identity Card (Rāṣṭriya Parichaya-patra) issued by the Department of National ID and Civil Registration of the Ministry of Home Affairs.
nigeria-national-identification-number	nigeria-national-identification-number	Nigeria	Nigeria	NG	National Identification Number (NIN)	National Identification Number (NIN)	[National Identification Number (Nigeria)](https://en.wikipedia.org/wiki/National_Identification_Number_(Nigeria))	Eleven-digit number randomly assigned by the National Identity Management Commission (NIMC) under the 2007 NIMC Act and linked to ten biometric fingerprints, a facial photograph, and demographic data; used as the unique citizen and resident identifier.	NIN slip, National e-ID card, and the NIMC Mobile ID app; required for SIM-card registration, banking (BVN), passports, and the JAMB examination.
nihon-kojin-bango	japan-individual-number	日本	Japan	JP	個人番号 (Kojin Bangō) / マイナンバー (My Number)	Individual Number (My Number)	[Individual Number](https://en.wikipedia.org/wiki/Individual_Number)	Twelve-digit number assigned to each resident under the 2015 Social Security and Tax Number System (Act on the Use of Numbers to Identify a Specific Individual), with a final check digit computed via weighted multiplication and Modulus-11. The number is permanent and carried for a person's lifetime.	My Number Card (マイナンバーカード) issued by municipal governments, the older Notification Card (通知カード), and tax / employment / pension paperwork.
norge-fodselsnummer	norway-birth-number	Norge	Norway	NO	Fødselsnummer	Birth Number / 11-digit Personal ID	[National identification number — Norway](https://en.wikipedia.org/wiki/National_identification_number#Norway)	Eleven digits where the first six are the date of birth (DDMMYY) and the next three are a personal/serial number — odd for males, even for females. The final two digits are check digits computed using a weighted Modulus-11.	Norwegian passport, national ID card, driving licence, bank cards, payslips, and the Altinn government portal.
northern-ireland-health-and-care-number	northern-ireland-health-and-care-number	Northern Ireland / Tuaisceart Éireann	Northern Ireland	GB-NIR	Health and Care (H&C) Number	Health and Care (H&C) Number	[Health and Social Care (Northern Ireland)](https://en.wikipedia.org/wiki/Health_and_Social_Care_(Northern_Ireland))	Ten-digit identifier in the same 3-3-4 format as the NHS number, drawn from a reserved range (320 000 001 to 399 999 999) and used across Health and Social Care Northern Ireland (HSCNI).	HSCNI medical card, GP correspondence, hospital appointment letters, and prescriptions across Northern Ireland.
oman-bitaqat-shakhsiyyah	oman-civil-id-number	عمان	Oman	OM	بطاقة الهوية / الرقم المدني (Raqm Madanī)	Civil Identity Card Number	[Identity document — Oman](https://en.wikipedia.org/wiki/Identity_document#Oman)	Eight-digit civil number issued by the Royal Oman Police Directorate General of Civil Status; printed on the smart Resident Card together with a separate card serial number.	Omani Resident Card (بطاقة الهوية) — Resident Card for non-Omanis — required for banking, employment, and government services.
osterreich-sozialversicherungsnummer	austria-social-security-number	Österreich	Austria	AT	Sozialversicherungsnummer (SVNR)	Social Security Number (SVNR)	[National identification number — Austria](https://en.wikipedia.org/wiki/National_identification_number#Austria)	Ten digits in the form AAACDDMMYY: AAA is a three-digit serial number assigned by the social insurance carrier; C is a check digit computed with weights 3,7,9,5,8,4,2,1,6 modulo 11 (a remainder of 10 yields a fresh AAA); and DDMMYY is the date of birth.	Austrian e-card (electronic health-insurance card), payslips, tax forms, FinanzOnline, and pension correspondence.
pakistan-shanakhti-card	pakistan-computerised-national-identity-card	پاکستان	Pakistan	PK	قومی شناختی کارڈ (Shanakhti Card)	Computerised National Identity Card (CNIC) Number	[Computerised National Identity Card](https://en.wikipedia.org/wiki/Computerised_National_Identity_Card)	Thirteen digits in the format AAAAA-BBBBBBB-G: the first five digits encode province / division / district / tehsil of permanent address, the next seven are a family / individual serial within that registration unit, and the final digit is a gender digit (odd male, even female).	CNIC plastic card or Smart NIC issued by the National Database and Registration Authority (NADRA), Pak-Identity online portal, passport, and SIM-card registration.
panama-cedula-de-identidad-personal	panama-personal-identity-card	Panamá	Panama	PA	Cédula de Identidad Personal	Personal Identity Card	[Cédula de identidad](https://es.wikipedia.org/wiki/C%C3%A9dula_de_identidad#Panam%C3%A1)	Format Province-Tomo-Asiento: a province / origin prefix (1–13 for Panamanian provinces and indigenous comarcas; PE for born in Panamá Este; E for naturalised foreigners; N for children of foreigners born in Panama) followed by “tomo” (volume) and “asiento” (registry entry) numbers — for example 8-123-456.	Cédula de Identidad Personal issued by the Tribunal Electoral; voter rolls; banking and tax records.
paraguay-cedula-de-identidad	paraguay-identity-card	Paraguay / Tetã Paraguái	Paraguay	PY	Cédula de Identidad Civil (CIC)	Identity Card	[Identity document — Paraguay](https://en.wikipedia.org/wiki/Identity_document#Paraguay)	Up to seven-digit serial number assigned by the Departamento de Identificaciones of the Policía Nacional and held for life; the same number underlies the Registro Único de Contribuyentes (RUC) tax identifier, extended with a verification digit.	Cédula de Identidad Civil issued by the Policía Nacional, voter rolls (TSJE), and SET tax records.
peru-documento-nacional-de-identidad	peru-national-identity-document	Perú	Peru	PE	Documento Nacional de Identidad (DNI)	National Identity Document (DNI)	[Documento Nacional de Identidad (Peru)](https://en.wikipedia.org/wiki/Documento_Nacional_de_Identidad_(Peru))	Eight-digit number issued by the Registro Nacional de Identificación y Estado Civil (RENIEC), with an additional verification digit printed alongside it; the same DNI is used by minors (DNI azul) and adults (DNI electrónico / DNIe) and underlies the universal voter roll.	DNI card or DNI electrónico (DNIe) issued by RENIEC, passport, and the ID Perú digital identity app.
pilipinas-philsys-number	philippines-philippine-identification-system-number	Pilipinas	Philippines	PH	PhilSys Number (PSN)	Philippine Identification System (PhilSys) Number	[Philippine Identification System](https://en.wikipedia.org/wiki/Philippine_Identification_System)	Twelve-digit, randomly generated, permanent number issued by the Philippine Statistics Authority (PSA) under the 2018 Philippine Identification System Act (RA 11055). The plastic PhilID and ePhilID carry a derived sixteen-digit PhilSys Card Number (PCN) so the underlying PSN can be revoked and re-issued if compromised.	PhilID physical card, ePhilID printout, and the PhilSys digital national ID app.
polska-numer-identyfikacji-podatkowej	poland-tax-identification-number	Polska	Poland	PL	Numer Identyfikacji Podatkowej (NIP)	Tax Identification Number (NIP)	[National identification number — Poland](https://en.wikipedia.org/wiki/National_identification_number#Poland)	Ten numeric digits with a Modulus-11 weighted check digit, used by investment firms and the tax administration to identify a person or organisation for tax purposes.	NIP confirmation document, tax forms (PIT, including the PIT-8 issued by investment firms), invoices, and contracts.
polska-pesel	poland-national-identification-number	Polska	Poland	PL	PESEL (Powszechny Elektroniczny System Ewidencji Ludności)	National Identification Number	[PESEL](https://en.wikipedia.org/wiki/PESEL)	Eleven numeric digits in the form YYMMDDSSSSC: the date of birth (with month offset +20 for the 2000s, +40 for the 2100s, +60 for the 2200s, −20 for the 1800s), four serial digits (the penultimate digit encodes sex — odd male, even female), and a weighted Modulus-10 check digit. The PESEL is assigned shortly after birth and is permanent.	Polish ID card (dowód osobisty), passport, driving licence, birth certificate, and the obywatel.gov.pl portal.
portugal-numero-de-identificacao-fiscal	portugal-tax-identification-number	Portugal	Portugal	PT	Número de Identificação Fiscal (NIF)	Tax Identification Number (NIF)	[Personal identification number (Portugal)](https://en.wikipedia.org/wiki/Personal_identification_number_(Portugal))	Nine digits, the first eight sequential and the ninth a check digit. The leading digit encodes the entity type: 1–3 individuals; 45 non-residents earning Portuguese income subject to withholding; 5 resident legal entities; 6 public administration; 70/74/75 indivisible estates; 71 non-resident entities subject to definitive withholding; 72 investment funds; 77 NIFs allocated by the tax authority; 78 non-residents in the VAT refund scheme; 79 special cases; 8 sole traders (legacy); 90/91 condominiums, irregular societies, undivided inheritances; 98 non-residents without permanent establishment; 99 civil societies without legal personality.	Portuguese Cartão de Cidadão (which carries the NIF alongside the civil identification number), tax invoices, employer/contract documents, and the Portal das Finanças.
portugal-passaporte	portugal-passport	Portugal	Portugal	PT	Passaporte	Passport Number	[Portuguese passport](https://en.wikipedia.org/wiki/Portuguese_passport)	Uniform optical-model passport identified by one letter and six digits — position 1 is a letter [A-Z] and positions 2–6 are digits [0-9].	Portuguese passport, printed on the data page and in the machine-readable zone.
qatar-raqam-shakhsi	qatar-personal-identification-number	قطر	Qatar	QA	الرقم الشخصي (Raqm Shakhṣī) / Qatari ID (QID)	Personal Identification Number (QID)	[Identity document — Qatar](https://en.wikipedia.org/wiki/Identity_document#Qatar)	Eleven-digit Qatari ID (QID): a leading century-of-birth digit (2 = 1900–1999, 3 = 2000+), two digits for year of birth, three digits for the ISO-style country-of-nationality code (634 for Qatar), and a five-digit serial.	Qatari ID (QID) card issued by the Ministry of Interior General Directorate of Passports, Hukoomi (e-government portal), and the Metrash2 app.
republica-dominicana-cedula-de-identidad-y-electoral	dominican-republic-identity-and-electoral-card	República Dominicana	Dominican Republic	DO	Cédula de Identidad y Electoral	Identity and Electoral Card	[Cédula de Identidad y Electoral](https://es.wikipedia.org/wiki/C%C3%A9dula_de_identidad_y_electoral)	Eleven digits in the form XXX-NNNNNNN-X: a three-digit municipal / district code assigned by the Junta Central Electoral, a seven-digit serial, and a Luhn check digit.	Cédula de Identidad y Electoral issued by the Junta Central Electoral (JCE), used as both the civil identity document and the voter registration.
romania-cod-numeric-personal	romania-personal-numerical-code	România	Romania	RO	Cod Numeric Personal (CNP)	Personal Numerical Code	[National identification number — Romania](https://en.wikipedia.org/wiki/National_identification_number#Romania)	Thirteen digits: a leading sex/century digit (1 male 1900–1999, 2 female 1900–1999, 3 male 1800–1899, 4 female 1800–1899, 5 male 2000+, 6 female 2000+, 7 male resident, 8 female resident, 9 foreign citizen); date of birth (YYMMDD); two-digit county code (01–52, or 99 for non-Romanians, or 4 followed by a Bucharest sector number); a three-digit serial number; and a check digit computed by weighted multiplication with the constant 279146358279 modulo 11 (remainder 10 maps to 1).	Romanian Birth Certificate, Identity Card (Carte de Identitate), and Driving Licence.
romania-pasaport	romania-passport	România	Romania	RO	Paşaport	Passport Number	[Romanian passport](https://en.wikipedia.org/wiki/Romanian_passport)	Eight characters: positions 1 and 2 are letters [A-Z] and positions 3–8 are digits [0-9].	Romanian passport (Paşaport), printed on the data page.
rossiya-snils	russia-personal-insurance-account-number	Россия	Russia	RU	Страховой номер индивидуального лицевого счёта (СНИЛС, SNILS)	Insurance Number of Individual Personal Account (SNILS)	[Insurance Number of Individual Personal Account](https://en.wikipedia.org/wiki/Insurance_Number_of_Individual_Personal_Account)	Eleven digits in the format XXX-XXX-XXX YY: nine digits identify the account holder and the last two digits are a checksum computed with weights 9,8,…,1 (sum modulo 101; results of 100 or 101 map to 00).	Green SNILS card (zelyonaya kartochka) issued by the Pension Fund of Russia (since 2019, by the Social Fund), payslips, pension statements, and the Gosuslugi portal; the companion ИНН (INN) tax number is twelve digits for individuals.
sakartvelo-piradi-nomeri	georgia-personal-number	საქართველო	Georgia	GE	პირადი ნომერი (Piradi nomeri)	Personal Number	[National identification number — Georgia](https://en.wikipedia.org/wiki/National_identification_number#Georgia)	Eleven-digit unique personal identifier assigned by the Public Service Development Agency (PSDA) and used in every government register; the first two digits encode the issuing region (district code) and the remaining digits include a serial and a check digit.	Georgian biometric ID card (პირადობის მოწმობა) and passport issued by the Public Service Development Agency; the my.gov.ge portal.
saudi-arabia-raqam-al-huwiyyah-al-wataniyyah	saudi-arabia-national-identification-number	المملكة العربية السعودية	Saudi Arabia	SA	رقم الهوية الوطنية	National Identification Number	[Saudi Arabian identity card](https://en.wikipedia.org/wiki/Saudi_Arabian_identity_card)	Ten digits beginning with 1 for Saudi citizens or 2 for foreign residents (the Iqama number), followed by eight serial digits and a final Luhn-style check digit; issued and managed by the General Directorate of Civil Status (Ahwal Madaniyyah) under the Ministry of Interior.	National Identity Card (بطاقة الهوية الوطنية) or Iqama (إقامة) residency permit, and the Absher and Tawakkalna government apps.
schweiz-ahv-nummer	switzerland-old-age-and-survivors-insurance-number	Schweiz / Suisse / Svizzera / Svizra	Switzerland	CH	AHV-Nummer / Numéro AVS / Numero AVS / Numer AVS	Old-Age and Survivors' Insurance (AHV/AVS) Number	[Sozialversicherungsnummer](https://en.wikipedia.org/wiki/Sozialversicherungsnummer)	Thirteen digits in the form 756.XXXX.XXXX.XC: 756 is the ISO 3166-1 numeric code for Switzerland, followed by nine random digits, with a final EAN-13 (Modulus-10) check digit. Issued by the Central Compensation Office (CCO / ZAS) and reused since 2008 as a general administrative identifier in addition to the social-insurance role.	AHV/AVS insurance card, electronic health-insurance card, tax records, pension correspondence, and the SwissID e-government portal.
severna-makedonija-edinstven-maticen-broj-na-gragjaninot	north-macedonia-unique-master-citizen-number	Северна Македонија / Severna Makedonija	North Macedonia	MK	Единствен матичен број на граѓанинот (ЕМБГ) / Edinstven matičen broj na graǵaninot (EMBG)	Unique Master Citizen Number (EMBG)	[Unique Master Citizen Number](https://en.wikipedia.org/wiki/Unique_Master_Citizen_Number)	Thirteen-digit identifier in the Yugoslav-successor JMBG family with two-digit registry / region codes 40–49 for North Macedonia (e.g. 41 Bitola, 42 Kumanovo, 43 Ohrid, 44 Prilep, 45 Skopje, 46 Strumica, 47 Tetovo, 48 Veles, 49 Štip). Format: DDMMYYY-RR-GGGC with a weighted Modulus-11 check digit.	Macedonian Personal ID card (Лична карта) and passport issued by the Ministry of Internal Affairs.
singapore-national-registration-identity-card	singapore-national-registration-identity-card	Singapore / Singapura / 新加坡 / சிங்கப்பூர்	Singapore	SG	National Registration Identity Card (NRIC) Number	National Registration Identity Card (NRIC) Number	[National Registration Identity Card](https://en.wikipedia.org/wiki/National_Registration_Identity_Card)	One prefix letter (S or T for citizens / PRs depending on year of issuance; F or G for foreigners on long-term passes depending on year; M for foreigners issued from 1 January 2022), seven digits, and a checksum letter. S/F use weights 2,7,6,5,4,3,2 on the seven digits and look up the result in fixed alphabets; T/G use the same with a +4 offset on the sum; M uses a different reversed alphabet.	NRIC / Identity Card (pink for citizens, blue for PRs) issued by the Immigration and Checkpoints Authority (ICA), Long-Term Pass card, and the Singpass digital ID app.
slovenija-enotna-matična-stevilka-občana	slovenia-unique-master-citizen-number	Slovenija	Slovenia	SI	Enotna Matična Številka Občana (EMŠO)	Unique Master Citizen Number (EMŠO)	[Unique Master Citizen Number](https://en.wikipedia.org/wiki/Unique_Master_Citizen_Number)	Thirteen digits in the form DDMMYYY-RR-GGGC: seven-digit date of birth (last three digits of the year), a two-digit registry/republic code (50/59 for Slovenia after 18 February 1999, with 10–19 Bosnia and Herzegovina, 20–29 Montenegro, 30–39 Croatia, 40–49 Macedonia, 70–79 Serbia, 80–89 Autonomous Province of Vojvodina, 90–99 Kosovo for pre-1999 issuance), three digits combining sex and serial number (000–499 male, 500–999 female), and a weighted Modulus-11 check digit defined in Article 4 of the Regulation on the way of assigning the personal identification number.	Slovenian Personal Identity Card (Osebna izkaznica), passport, birth certificate, and tax records.
slovensko-cestovny-pas	slovakia-passport-number	Slovensko	Slovakia	SK	Cestovný pas	Passport Number	[Slovak passport](https://en.wikipedia.org/wiki/Slovak_passport)	Nine characters in the format XXNNNNNNN — two block letters followed by seven digits — with a ten-year validity.	Slovak passport (Cestovný pas); citizens who hold two passports simultaneously will only find the document number on the first one.
slovensko-rodne-cislo	slovakia-birth-number	Slovensko	Slovakia	SK	Rodné číslo (RČ)	Birth Number / Personal Number	[National identification number — Slovakia](https://en.wikipedia.org/wiki/National_identification_number#Slovakia)	Ten-digit code in the form YYMMDDCCCX: the first six digits are the date of birth (with month offset of +50 for women, so MM is 01–12 for men and 51–62 for women), CCC is a serial number distinguishing persons born on the same date, and X is a check digit such that the entire number is divisible by 11.	Birth certificate (rodný list), national ID card (občiansky preukaz), driving licence, and other personal documents.
south-africa-identity-number	south-africa-identity-number	South Africa / Suid-Afrika / iRiphabhuliki yaseNingizimu Afrika	South Africa	ZA	South African Identity Number	South African Identity Number	[South African Identity Card](https://en.wikipedia.org/wiki/South_African_Identity_Card)	Thirteen digits in the format YYMMDDSSSSCAZ: YYMMDD is the date of birth; SSSS is a sex serial (0000–4999 female, 5000–9999 male); C is citizenship status at birth (0 South African citizen, 1 permanent resident); A is a legacy “race” indicator now fixed at 8 or 9; and Z is a Luhn check digit.	Smart ID Card or Green Barcoded ID Book issued by the Department of Home Affairs (DHA), driving licence, and passport.
srbija-jedinstveni-maticni-broj-gradjana	serbia-unique-master-citizen-number	Србија / Srbija	Serbia	RS	Јединствени матични број грађана (ЈМБГ) / Jedinstveni matični broj građana (JMBG)	Unique Master Citizen Number (JMBG)	[Unique Master Citizen Number](https://en.wikipedia.org/wiki/Unique_Master_Citizen_Number)	Thirteen digits in the form DDMMYYY-RR-GGGC: seven-digit date of birth (last three digits of the year), two-digit registry / republic code for the region of birth (Serbia 70–79; Vojvodina 80–89; Kosovo 90–99 for pre-1999 issuance; specific district codes within each), three digits combining sex and serial (000–499 male, 500–999 female), and a weighted Modulus-11 check digit. The same JMBG scheme is shared across the former Yugoslav republics.	Lična karta (national ID card) and pasoš (passport) issued by the Ministry of Internal Affairs (MUP), driving licence, and tax records.
sri-lanka-jatika-handunumpata	sri-lanka-national-identity-card	ශ්‍රී ලංකා / இலங்கை	Sri Lanka	LK	ජාතික හැඳුනුම්පත (Jātika Handunumpata) / தேசிய அடையாள அட்டை	National Identity Card (NIC) Number	[Sri Lankan identity card](https://en.wikipedia.org/wiki/Sri_Lankan_identity_card)	Two formats coexist. Legacy NICs use nine digits and a letter (e.g. 200123456V): the first two digits are the last two of the year of birth, the next three are the day-of-year (+500 added for women), then a four-digit serial, and a verification character (V for citizens, X for non-citizens). The 2016 e-NIC uses twelve digits, expanding year of birth to four digits and dropping the trailing letter.	National Identity Card (NIC) issued by the Department for Registration of Persons.
suomi-henkilotunnus	finland-personal-identity-code	Suomi	Finland	FI	Henkilötunnus (HETU)	Personal Identity Code	[Personal identity code (Finland)](https://en.wikipedia.org/wiki/Personal_identity_code_(Finland))	Eleven characters of the form DDMMYYCZZZQ: DDMMYY is the date of birth, C is the century sign (+ for 1800–1899, - for 1900–1999, A for 2000–2099), ZZZ is the individual number (odd for males and even for females; for people born in Finland the range is 002–899), and Q is the check character (a digit or letter from a defined alphabet). Example: 311280-888Y.	Finnish ID card, passport, residence permit, driving licence, and the Suomi.fi portal.
sverige-personnummer	sweden-personal-identity-number	Sverige	Sweden	SE	Personnummer	Personal Identity Number	[Personal identity number (Sweden)](https://en.wikipedia.org/wiki/Personal_identity_number_(Sweden))	National identification number issued by Skatteverket since 1947, twelve digits CCYYMMDDZZZQ in automated data (or ten digits when the century is implicit). CCYYMMDD is the date of birth, ZZZ is the individual serial number whose third digit is odd for males and even for females, and Q is a Luhn check digit.	Passports, national ID cards, driving licences, health-care cards, payslips, and tax correspondence; held by the Swedish Tax Agency (Skatteverket).
taiwan-guomin-shenfenzheng	taiwan-national-identification-card-number	臺灣 / 中華民國	Taiwan	TW	國民身分證統一編號 (Guómín Shēnfènzhèng Tǒngyī Biānhào)	National Identification Card Number	[National Identification Card (Republic of China)](https://en.wikipedia.org/wiki/National_Identification_Card_(Republic_of_China))	One letter (A–Z, indicating the place of household registration; e.g. A = Taipei City, B = Taichung City, C = Keelung City) followed by nine digits: a sex digit (1 male, 2 female), seven serial digits, and a final check digit. The leading letter is converted to two digits via a lookup table, then a weighted sum modulo 10 yields the check digit.	National Identification Card (中華民國國民身分證) issued by the Household Registration Office of the Ministry of the Interior, household registration transcript (戶籍謄本), and the My Data (我的E政府) portal.
tanzania-namba-ya-utambulisho-wa-taifa	tanzania-national-identification-number	Tanzania	Tanzania	TZ	Namba ya Utambulisho wa Taifa (NIN)	National Identification Number (NIN)	[National Identification Authority (Tanzania)](https://en.wikipedia.org/wiki/National_Identification_Authority_(Tanzania))	Twenty-digit number assigned by the National Identification Authority (NIDA) to every Tanzanian citizen and long-term resident; encodes the year and country of birth, region and district of registration, and a serial.	National ID card (Kitambulisho cha Taifa) issued by NIDA; required for SIM-card registration, banking, employment, and most government services.
thailand-lekprajamtua-prachachon	thailand-national-identification-number	ประเทศไทย	Thailand	TH	เลขประจำตัวประชาชน (Lek Prajam Tua Prachāchon)	National Identification Number	[Thai identity card](https://en.wikipedia.org/wiki/Thai_identity_card)	Thirteen digits in the form X-XXXX-XXXXX-XX-X. The first digit classifies the type of registration (1 Thai citizens born after 1 January 1984 and registered within the deadline; 2 Thais registered late; 3 Thais already in the registry before 1984; 4 those who were registered as Thai citizens after 1984; 5 added later to the registry; 6–7 foreign residents; 8 newly naturalised; 0 temporary identification). The following digits encode the registration district and a serial; the last digit is a Modulus-11 check digit (sum of digits 1–12 multiplied by weights 13–2, mod 11, then 11 minus the remainder mod 10).	Smart ID Card (บัตรประจำตัวประชาชน) issued by the Department of Provincial Administration (DOPA, กรมการปกครอง), Thai house registration (ทะเบียนบ้าน), and the ThaID government identity app.
tunis-bitaqat-ta-rif-wataniya	tunisia-carte-d-identite-nationale	تونس	Tunisia	TN	بطاقة التعريف الوطنية / Carte d'Identité Nationale (CIN)	National Identity Card (CIN) Number	[Tunisian identity card](https://en.wikipedia.org/wiki/Tunisian_identity_card)	Eight-digit unique identifier assigned by the Ministry of the Interior at age 18 (or earlier for travel); printed on the CIN, embossed on banking and tax records, and reused as the personal portion of the matricule fiscal (tax registration).	Carte d'Identité Nationale (بطاقة التعريف الوطنية) issued by the Ministry of the Interior; passport.
turkiye-tc-kimlik-numarasi	turkey-republic-of-turkiye-identification-number	Türkiye	Turkey	TR	T.C. Kimlik Numarası	Republic of Türkiye Identification Number	[Turkish Identification Number](https://en.wikipedia.org/wiki/Turkish_Identification_Number)	Eleven digits that can never start with 0; the tenth digit equals ((sum of digits 1,3,5,7,9 × 7) − (sum of digits 2,4,6,8)) mod 10, and the eleventh equals (sum of the first ten digits) mod 10. Issued by the General Directorate of Civil Registration and Nationality (Nüfus ve Vatandaşlık İşleri).	Turkish ID card (T.C. Kimlik Kartı), passport, driving licence, and the e-Devlet (e-Government) portal.
ukrayina-rnokpp	ukraine-registration-number-of-the-taxpayer-account-card	Україна	Ukraine	UA	Реєстраційний номер облікової картки платника податків (РНОКПП) / “ідентифікаційний код”	Registration Number of the Taxpayer Account Card (RNTRC) / Individual Tax Number	[National identification number — Ukraine](https://en.wikipedia.org/wiki/National_identification_number#Ukraine)	Ten digits: the first five encode the number of days from 1 January 1900 to the date of birth, the next four are a serial number whose ninth digit encodes sex (odd male, even female), and the tenth is a weighted Modulus-11 check digit (weights −1,5,7,9,4,6,10,5,7).	Taxpayer Account Card (картка платника податків) issued by the State Tax Service of Ukraine, ID-card (паспорт громадянина України у формі ID-картки), and the Diia portal / app.
united-arab-emirates-emirates-id	united-arab-emirates-emirates-id	الإمارات العربية المتحدة	United Arab Emirates	AE	بطاقة الهوية (Emirates ID)	Emirates ID	[Emirates Identity Card](https://en.wikipedia.org/wiki/Emirates_Identity_Card)	Fifteen-digit number in the format 784-YYYY-XXXXXXX-C: 784 is the ISO 3166-1 numeric code for the UAE; YYYY is the year of birth; XXXXXXX is a serial; and C is a Luhn-style check digit. Issued by the Federal Authority for Identity, Citizenship, Customs and Port Security (ICP).	Emirates ID card carried by all citizens and residents, the ICP app, and the UAE Pass digital identity wallet.
united-kingdom-national-health-service-number	united-kingdom-national-health-service-number	United Kingdom	United Kingdom	GB	National Health Service (NHS) Number	National Health Service (NHS) Number	[NHS number](https://en.wikipedia.org/wiki/NHS_number)	Shared NHS numbering scheme across England, Wales, and the Isle of Man: ten digits in 3-3-4 format with a Modulus-11 check digit. Scotland and Northern Ireland operate parallel schemes (CHI and H&C Number) using the same ten-digit shape.	NHS medical card, GP correspondence, prescriptions, hospital letters, and the NHS App.
united-kingdom-national-insurance-number	united-kingdom-national-insurance-number	United Kingdom	United Kingdom	GB	National Insurance Number (NINO)	National Insurance Number (NINO)	[National Insurance number](https://en.wikipedia.org/wiki/National_Insurance_number)	Two prefix letters, six digits, and one suffix letter (always A, B, C, or D). Example: AB123456A. The letters D, F, I, Q, U, and V are not used as either of the first two letters of the prefix; O is not used as the second letter. Administrative prefixes used internally by HMRC and DWP (OO, CR, FY, MW, NC, PP, PZ, TN) are not valid NINOs.	Plastic National Insurance card (legacy), letters from HMRC or DWP, payslips, form P60, tax returns, and the HMRC personal tax account.
united-states-individual-taxpayer-identification-number	united-states-individual-taxpayer-identification-number	United States	United States	US	Individual Taxpayer Identification Number (ITIN)	Individual Taxpayer Identification Number (ITIN)	[Individual Taxpayer Identification Number](https://en.wikipedia.org/wiki/Individual_Taxpayer_Identification_Number)	Nine-digit tax processing number issued by the Internal Revenue Service (IRS) to individuals who are required to have a U.S. taxpayer identification number but are not eligible for an SSN. Always begins with 9 and has a fourth digit in the range 50–65, 70–88, 90–92, or 94–99 (e.g. 9XX-7X-XXXX).	IRS notice CP565 (ITIN assignment letter), tax returns (Form 1040 and W-7 application), and W-9 / 1099 / 1042-S information returns.
united-states-social-security-number	united-states-social-security-number	United States	United States	US	Social Security Number (SSN)	Social Security Number (SSN)	[Social Security number](https://en.wikipedia.org/wiki/Social_Security_number)	Nine-digit number in XXX-XX-XXXX format issued by the Social Security Administration since 1936 to track workers' earnings; randomised since 2011. Now a de facto national identifier in the United States.	Social Security card, W-2 forms, tax returns (IRS Form 1040), payslips, and the SSA “my Social Security” portal.
uruguay-cedula-de-identidad	uruguay-identity-card	Uruguay	Uruguay	UY	Cédula de Identidad (CI)	Identity Card	[Identity document — Uruguay](https://en.wikipedia.org/wiki/Identity_document#Uruguay)	Eight digits in the format X.XXX.XXX-X: seven sequential digits and a final check digit computed with weights 2,9,8,7,6,3,4 modulo 10.	Cédula de Identidad issued by the Dirección Nacional de Identificación Civil (DNIC) of the Ministry of the Interior; used for voting, banking, and government services.
uzbekistan-shaxsiy-identifikatsiya-raqami	uzbekistan-personal-identification-number	Oʻzbekiston	Uzbekistan	UZ	Shaxsiy identifikatsiya raqami (PINFL) / Шахсий идентификация рақами	Personal Identification Number (PINFL)	[National identification number — Uzbekistan](https://en.wikipedia.org/wiki/National_identification_number#Uzbekistan)	Fourteen digits issued by the State Personalisation Centre. The leading digit encodes century and sex (3 male / 4 female 1900–1999; 5 male / 6 female 2000–2099); the next six digits are the date of birth (YYMMDD); the remaining seven digits are a serial number including a final check digit.	Uzbek biometric ID-card (ID-karta), biometric passport, and the My ID app.
venezuela-cedula-de-identidad	venezuela-identity-card	Venezuela	Venezuela	VE	Cédula de Identidad	Identity Card	[Venezuelan identity card](https://en.wikipedia.org/wiki/Venezuelan_identity_card)	A prefix letter (V for Venezuelan citizens, E for foreign residents) followed by up to nine digits. The base number is permanent and is reused as the Registro de Información Fiscal (RIF) tax identifier with the addition of a verification digit.	Cédula de Identidad Laminada issued by the Servicio Administrativo de Identificación, Migración y Extranjería (SAIME); voter rolls; RIF tax records.
viet-nam-can-cuoc-cong-dan	vietnam-citizen-identification-card	Việt Nam	Vietnam	VN	Căn Cước Công Dân (CCCD)	Citizen Identification Card Number	[Vietnamese identity card](https://en.wikipedia.org/wiki/Vietnamese_identity_card)	Twelve digits in the form PPPGYYNNNNNN: PPP is a three-digit code for the province / city of registration; G encodes sex and century of birth (0 male / 1 female born 1900s; 2 male / 3 female born 2000s; 4 male / 5 female born 2100s; etc.); YY is the last two digits of the year of birth; and NNNNNN is a random serial.	Căn cước công dân chip card (which replaced the older 9-digit Chứng Minh Nhân Dân, CMND), the VNeID digital identity app, and household registration (sổ hộ khẩu).
xianggang-shenfenzheng	hong-kong-identity-card-number	香港	Hong Kong	HK	香港身份證 (Hēunggóng sānfánjing) / Hong Kong Identity Card	Hong Kong Identity Card (HKID) Number	[Hong Kong Identity Card](https://en.wikipedia.org/wiki/Hong_Kong_Identity_Card)	One or two prefix letters, six digits, and a check character in parentheses (a digit 0–9 or the letter A). Example: Z123456(A). The check character is computed by mapping each letter to a number (A=10, B=11, …), multiplying by weights 9 down to 1, summing modulo 11, then taking 11 − remainder (with 10 written as A and 11 as 0).	Hong Kong Identity Card issued by the Immigration Department, and the “iAM Smart” mobile identity app.
yisrael-mispar-zehut	israel-identity-number	ישראל	Israel	IL	מספר זהות (Mispar Zehut)	Identity Number	[Israeli identity card](https://en.wikipedia.org/wiki/Israeli_identity_card)	Nine digits, the last being a Luhn check digit computed with weights 1,2,1,2,… (sum of doubled-digit digit-sums). Stored left-padded with zeros when fewer than nine digits are recorded. Issued by the Population and Immigration Authority (רשות האוכלוסין וההגירה).	Israeli identity card (תעודת זהות, Teudat Zehut) including the smart biometric card, driving licence, passport (Darkon), and most government and banking services.
zhongguo-jumin-shenfenzheng	china-resident-identity-card	中国	China	CN	中华人民共和国居民身份证号码	Resident Identity Card Number	[Resident Identity Card](https://en.wikipedia.org/wiki/Resident_Identity_Card)	Eighteen characters in the form AAAAAA-YYYYMMDD-NNN-C: AAAAAA is the six-digit administrative-division code of the place of household registration (province, prefecture, county); YYYYMMDD is the date of birth; NNN is a three-digit serial whose final digit encodes sex (odd male, even female); and C is a check character (0–9 or X for 10) computed using the ISO 7064 MOD 11-2 algorithm.	居民身份证 (Resident Identity Card) issued by the Ministry of Public Security, hukou (户口) booklet, and electronic identity wallets in apps such as WeChat and Alipay.
